"day","worm","dilution.factor","cfu","sample.volume","total.volume","bacteria","repeat.","genotype","group"
3,1,1,42,45,500,"Sen",0,"pmk-1","control.B"
3,2,1,49,45,500,"Sen",0,"pmk-1","control.B"
3,3,1,66,45,500,"Sen",0,"pmk-1","control.B"
3,4,1,54,45,500,"Sen",0,"pmk-1","control.B"
3,5,1,36,45,500,"Sen",0,"pmk-1","control.B"
3,6,1,53,45,500,"Sen",0,"pmk-1","control.B"
3,7,1,59,45,500,"Sen",0,"pmk-1","control.B"
3,8,1,37,45,500,"Sen",0,"pmk-1","control.B"
3,9,1,87,45,500,"Sen",0,"pmk-1","control.B"
3,10,1,7,45,500,"Sen",0,"pmk-1","control.B"
3,1,10,6,45,500,"Sen",0,"pmk-1","control.B"
3,2,10,6,45,500,"Sen",0,"pmk-1","control.B"
3,3,10,16,45,500,"Sen",0,"pmk-1","control.B"
3,4,10,5,45,500,"Sen",0,"pmk-1","control.B"
3,5,10,4,45,500,"Sen",0,"pmk-1","control.B"
3,6,10,4,45,500,"Sen",0,"pmk-1","control.B"
3,7,10,13,45,500,"Sen",0,"pmk-1","control.B"
3,8,10,4,45,500,"Sen",0,"pmk-1","control.B"
3,9,10,15,45,500,"Sen",0,"pmk-1","control.B"
4,1,1,351,300,500,"Sen",0,"pmk-1","early.exp"
4,2,1,289,300,500,"Sen",0,"pmk-1","early.exp"
4,3,1,1,300,500,"Sen",0,"pmk-1","early.exp"
4,4,1,0,300,500,"Sen",0,"pmk-1","early.exp"
4,5,1,0,300,500,"Sen",0,"pmk-1","early.exp"
4,1,100,14,100,500,"Pae",0,"pmk-1","early.exp"
4,2,100,60,100,500,"Pae",0,"pmk-1","early.exp"
4,3,100,8,100,500,"Pae",0,"pmk-1","early.exp"
4,4,100,39,100,500,"Pae",0,"pmk-1","early.exp"
4,5,100,45,100,500,"Pae",0,"pmk-1","early.exp"
4,1,10,58,45,500,"Pae",1,"pmk-1","early.exp"
4,4,10,29,45,500,"Pae",1,"pmk-1","early.exp"
4,5,10,69,45,500,"Pae",1,"pmk-1","early.exp"
4,1,100,56,45,500,"Pae",1,"pmk-1","early.exp"
4,2,100,153,45,500,"Pae",1,"pmk-1","early.exp"
4,3,100,7,45,500,"Pae",1,"pmk-1","early.exp"
4,4,100,9,45,500,"Pae",1,"pmk-1","early.exp"
4,1,10,91,200,500,"Sen",0,"pmk-1","control.B"
4,2,10,172,200,500,"Sen",0,"pmk-1","control.B"
4,3,10,157,200,500,"Sen",0,"pmk-1","control.B"
4,4,10,21,200,500,"Sen",0,"pmk-1","control.B"
4,5,10,125,200,500,"Sen",0,"pmk-1","control.B"
4,6,10,55,200,500,"Sen",0,"pmk-1","control.B"
4,7,10,148,200,500,"Sen",0,"pmk-1","control.B"
4,8,10,324,200,500,"Sen",0,"pmk-1","control.B"
4,9,10,184,200,500,"Sen",0,"pmk-1","control.B"
4,10,10,179,200,500,"Sen",0,"pmk-1","control.B"
5,1,10,70,100,500,"Sen",0,"pmk-1","control.B"
5,2,10,752,100,500,"Sen",0,"pmk-1","control.B"
5,3,10,400,100,500,"Sen",0,"pmk-1","control.B"
5,4,10,680,100,500,"Sen",0,"pmk-1","control.B"
5,5,10,351,100,500,"Sen",0,"pmk-1","control.B"
5,6,10,477,100,500,"Sen",0,"pmk-1","control.B"
5,7,10,353,100,500,"Sen",0,"pmk-1","control.B"
5,8,10,350,100,500,"Sen",0,"pmk-1","control.B"
5,9,10,NA,100,500,"Sen",0,"pmk-1","control.B"
5,10,10,212,100,500,"Sen",0,"pmk-1","control.B"
5,1,100,5,100,500,"Sen",0,"pmk-1","control.B"
5,2,100,28,100,500,"Sen",0,"pmk-1","control.B"
5,3,100,395,100,500,"Sen",0,"pmk-1","control.B"
5,4,100,94,100,500,"Sen",0,"pmk-1","control.B"
5,5,100,110,100,500,"Sen",0,"pmk-1","control.B"
5,6,100,313,100,500,"Sen",0,"pmk-1","control.B"
5,7,100,126,100,500,"Sen",0,"pmk-1","control.B"
5,8,100,17,100,500,"Sen",0,"pmk-1","control.B"
5,9,100,139,100,500,"Sen",0,"pmk-1","control.B"
5,10,100,60,100,500,"Sen",0,"pmk-1","control.B"
7,1,100,36,200,500,"Sen",0,"pmk-1","control.C"
7,2,100,67,200,500,"Sen",0,"pmk-1","control.C"
7,3,100,189,200,500,"Sen",0,"pmk-1","control.C"
7,4,100,135,200,500,"Sen",0,"pmk-1","control.C"
7,5,100,115,200,500,"Sen",0,"pmk-1","control.C"
8,1,1000,157,200,500,"Sen",0,"pmk-1","control.C"
8,2,1000,120,200,500,"Sen",0,"pmk-1","control.C"
8,3,1000,119,200,500,"Sen",0,"pmk-1","control.C"
8,4,1000,72,200,500,"Sen",0,"pmk-1","control.C"
8,5,1000,37,200,500,"Sen",0,"pmk-1","control.C"
8,1,10,2,45,500,"Pae",0,"pmk-1","late.exp"
8,2,10,NA,45,500,"Pae",0,"pmk-1","late.exp"
8,3,10,111,45,500,"Pae",0,"pmk-1","late.exp"
8,4,10,2,45,500,"Pae",0,"pmk-1","late.exp"
8,5,10,90,45,500,"Pae",0,"pmk-1","late.exp"
8,6,10,6,45,500,"Pae",0,"pmk-1","late.exp"
8,7,10,34,45,500,"Pae",0,"pmk-1","late.exp"
8,8,10,135,45,500,"Pae",0,"pmk-1","late.exp"
8,9,10,8,45,500,"Pae",0,"pmk-1","late.exp"
8,10,10,9,45,500,"Pae",0,"pmk-1","late.exp"
8,2,100,81,45,500,"Pae",0,"pmk-1","late.exp"
8,3,100,33,45,500,"Pae",0,"pmk-1","late.exp"
8,7,100,3,45,500,"Pae",0,"pmk-1","late.exp"
8,8,100,10,45,500,"Pae",0,"pmk-1","late.exp"
8,2,1000,6,45,500,"Pae",0,"pmk-1","late.exp"
8,1,100,312,200,500,"Sen",0,"pmk-1","late.exp"
8,2,100,211,200,500,"Sen",0,"pmk-1","late.exp"
8,3,100,0,200,500,"Sen",0,"pmk-1","late.exp"
8,4,100,149,200,500,"Sen",0,"pmk-1","late.exp"
8,5,100,210,200,500,"Sen",0,"pmk-1","late.exp"
8,6,100,243,200,500,"Sen",0,"pmk-1","late.exp"
8,7,100,251,200,500,"Sen",0,"pmk-1","late.exp"
8,8,100,86,200,500,"Sen",0,"pmk-1","late.exp"
8,9,100,176,200,500,"Sen",0,"pmk-1","late.exp"
8,10,100,207,200,500,"Sen",0,"pmk-1","late.exp"
8,1,1000,51,200,500,"Sen",0,"pmk-1","late.exp"
8,2,1000,17,200,500,"Sen",0,"pmk-1","late.exp"
8,3,1000,0,200,500,"Sen",0,"pmk-1","late.exp"
8,4,1000,10,200,500,"Sen",0,"pmk-1","late.exp"
8,5,1000,32,200,500,"Sen",0,"pmk-1","late.exp"
8,6,1000,28,200,500,"Sen",0,"pmk-1","late.exp"
8,7,1000,36,200,500,"Sen",0,"pmk-1","late.exp"
8,8,1000,10,200,500,"Sen",0,"pmk-1","late.exp"
8,9,1000,24,200,500,"Sen",0,"pmk-1","late.exp"
8,10,1000,13,200,500,"Sen",0,"pmk-1","late.exp"
9,1,100,190,200,500,"Sen",0,"pmk-1","control.B"
9,3,100,217,200,500,"Sen",0,"pmk-1","control.B"
9,1,1000,19,200,500,"Sen",0,"pmk-1","control.B"
9,3,1000,29,200,500,"Sen",0,"pmk-1","control.B"
9,1,100,396,200,500,"Sen",0,"pmk-1","control.C"
9,2,100,79,200,500,"Sen",0,"pmk-1","control.C"
9,3,100,106,200,500,"Sen",0,"pmk-1","control.C"
9,4,100,624,200,500,"Sen",0,"pmk-1","control.C"
9,5,100,53,200,500,"Sen",0,"pmk-1","control.C"
9,6,100,331,200,500,"Sen",0,"pmk-1","control.C"
9,7,100,704,200,500,"Sen",0,"pmk-1","control.C"
9,8,100,624,200,500,"Sen",0,"pmk-1","control.C"
9,9,100,1,200,500,"Sen",0,"pmk-1","control.C"
9,1,1000,45,200,500,"Sen",0,"pmk-1","control.C"
9,2,1000,5,200,500,"Sen",0,"pmk-1","control.C"
9,3,1000,15,200,500,"Sen",0,"pmk-1","control.C"
9,4,1000,92,200,500,"Sen",0,"pmk-1","control.C"
9,5,1000,2,200,500,"Sen",0,"pmk-1","control.C"
9,6,1000,52,200,500,"Sen",0,"pmk-1","control.C"
9,7,1000,155,200,500,"Sen",0,"pmk-1","control.C"
9,8,1000,129,200,500,"Sen",0,"pmk-1","control.C"
9,9,1000,0,200,500,"Sen",0,"pmk-1","control.C"
9,1,1,NA,45,500,"Pae",0,"pmk-1","late.exp"
9,2,1,NA,45,500,"Pae",0,"pmk-1","late.exp"
9,3,1,NA,45,500,"Pae",0,"pmk-1","late.exp"
9,4,1,0,45,500,"Pae",0,"pmk-1","late.exp"
9,1,10,52,45,500,"Pae",0,"pmk-1","late.exp"
9,2,10,NA,45,500,"Pae",0,"pmk-1","late.exp"
9,3,10,NA,45,500,"Pae",0,"pmk-1","late.exp"
9,1,100,12,45,500,"Pae",0,"pmk-1","late.exp"
9,2,100,8,45,500,"Pae",0,"pmk-1","late.exp"
9,3,100,62,45,500,"Pae",0,"pmk-1","late.exp"
9,3,1000,12,45,500,"Pae",0,"pmk-1","late.exp"
9,1,100,2,200,500,"Sen",0,"pmk-1","late.exp"
9,2,100,110,200,500,"Sen",0,"pmk-1","late.exp"
9,3,100,111,200,500,"Sen",0,"pmk-1","late.exp"
9,4,100,123,200,500,"Sen",0,"pmk-1","late.exp"
9,2,1000,13,200,500,"Sen",0,"pmk-1","late.exp"
9,3,1000,18,200,500,"Sen",0,"pmk-1","late.exp"
9,4,1000,12,200,500,"Sen",0,"pmk-1","late.exp"
3,1,1,53,45,500,"Sen",0,"N2","control.A"
3,2,1,1,45,500,"Sen",0,"N2","control.A"
3,3,1,86,45,500,"Sen",0,"N2","control.A"
3,4,1,10,45,500,"Sen",0,"N2","control.A"
3,5,1,45,45,500,"Sen",0,"N2","control.A"
3,6,1,24,45,500,"Sen",0,"N2","control.A"
3,7,1,30,45,500,"Sen",0,"N2","control.A"
3,8,1,3,45,500,"Sen",0,"N2","control.A"
3,9,1,10,45,500,"Sen",0,"N2","control.A"
3,10,1,2,45,500,"Sen",0,"N2","control.A"
3,11,1,41,45,500,"Sen",0,"N2","control.A"
3,12,1,2,45,500,"Sen",0,"N2","control.A"
3,13,1,12,45,500,"Sen",0,"N2","control.A"
3,14,1,65,45,500,"Sen",0,"N2","control.A"
3,15,1,27,45,500,"Sen",0,"N2","control.A"
3,16,1,5,45,500,"Sen",0,"N2","control.A"
3,1,10,2,45,500,"Sen",0,"N2","control.A"
3,2,10,0,45,500,"Sen",0,"N2","control.A"
3,3,10,14,45,500,"Sen",0,"N2","control.A"
3,4,10,0,45,500,"Sen",0,"N2","control.A"
3,5,10,10,45,500,"Sen",0,"N2","control.A"
3,6,10,0,45,500,"Sen",0,"N2","control.A"
3,7,10,1,45,500,"Sen",0,"N2","control.A"
3,8,10,0,45,500,"Sen",0,"N2","control.A"
3,9,10,0,45,500,"Sen",0,"N2","control.A"
3,10,10,0,45,500,"Sen",0,"N2","control.A"
3,11,10,1,45,500,"Sen",0,"N2","control.A"
3,12,10,0,45,500,"Sen",0,"N2","control.A"
3,13,10,1,45,500,"Sen",0,"N2","control.A"
3,14,10,4,45,500,"Sen",0,"N2","control.A"
3,15,10,0,45,500,"Sen",0,"N2","control.A"
3,16,10,0,45,500,"Sen",0,"N2","control.A"
4,1,1,106,45,500,"Sen",0,"N2","control.A"
4,2,1,41,45,500,"Sen",0,"N2","control.A"
4,3,1,38,45,500,"Sen",0,"N2","control.A"
4,4,1,157,45,500,"Sen",0,"N2","control.A"
4,5,1,35,45,500,"Sen",0,"N2","control.A"
4,6,1,30,45,500,"Sen",0,"N2","control.A"
4,7,1,80,45,500,"Sen",0,"N2","control.A"
4,8,1,33,45,500,"Sen",0,"N2","control.A"
4,9,1,37,45,500,"Sen",0,"N2","control.A"
4,10,1,33,45,500,"Sen",0,"N2","control.A"
4,11,1,134,45,500,"Sen",0,"N2","control.A"
4,12,1,32,45,500,"Sen",0,"N2","control.A"
4,13,1,51,45,500,"Sen",0,"N2","control.A"
4,14,1,81,45,500,"Sen",0,"N2","control.A"
4,15,1,44,45,500,"Sen",0,"N2","control.A"
4,16,1,37,45,500,"Sen",0,"N2","control.A"
4,1,10,13,45,500,"Sen",0,"N2","control.A"
4,2,10,6,45,500,"Sen",0,"N2","control.A"
4,3,10,6,45,500,"Sen",0,"N2","control.A"
4,4,10,26,45,500,"Sen",0,"N2","control.A"
4,5,10,2,45,500,"Sen",0,"N2","control.A"
4,6,10,1,45,500,"Sen",0,"N2","control.A"
4,7,10,6,45,500,"Sen",0,"N2","control.A"
4,8,10,1,45,500,"Sen",0,"N2","control.A"
4,9,10,0,45,500,"Sen",0,"N2","control.A"
4,10,10,1,45,500,"Sen",0,"N2","control.A"
4,11,10,15,45,500,"Sen",0,"N2","control.A"
4,12,10,5,45,500,"Sen",0,"N2","control.A"
4,13,10,6,45,500,"Sen",0,"N2","control.A"
4,14,10,6,45,500,"Sen",0,"N2","control.A"
4,15,10,3,45,500,"Sen",0,"N2","control.A"
4,16,10,0,45,500,"Sen",0,"N2","control.A"
4,1,100,2,45,500,"Sen",0,"N2","control.A"
4,2,100,0,45,500,"Sen",0,"N2","control.A"
4,3,100,0,45,500,"Sen",0,"N2","control.A"
4,4,100,4,45,500,"Sen",0,"N2","control.A"
4,5,100,0,45,500,"Sen",0,"N2","control.A"
4,6,100,0,45,500,"Sen",0,"N2","control.A"
4,7,100,1,45,500,"Sen",0,"N2","control.A"
4,8,100,0,45,500,"Sen",0,"N2","control.A"
4,9,100,0,45,500,"Sen",0,"N2","control.A"
4,10,100,0,45,500,"Sen",0,"N2","control.A"
4,11,100,1,45,500,"Sen",0,"N2","control.A"
4,12,100,0,45,500,"Sen",0,"N2","control.A"
4,13,100,0,45,500,"Sen",0,"N2","control.A"
4,14,100,1,45,500,"Sen",0,"N2","control.A"
4,15,100,0,45,500,"Sen",0,"N2","control.A"
4,16,100,0,45,500,"Sen",0,"N2","control.A"
5,1,1,115,45,500,"Sen",0,"N2","control.A"
5,2,1,87,45,500,"Sen",0,"N2","control.A"
5,3,1,118,45,500,"Sen",0,"N2","control.A"
5,4,1,39,45,500,"Sen",0,"N2","control.A"
5,5,1,221,45,500,"Sen",0,"N2","control.A"
5,6,1,64,45,500,"Sen",0,"N2","control.A"
5,7,1,327,45,500,"Sen",0,"N2","control.A"
5,8,1,NA,45,500,"Sen",0,"N2","control.A"
5,9,1,NA,45,500,"Sen",0,"N2","control.A"
5,10,1,NA,45,500,"Sen",0,"N2","control.A"
5,11,1,74,45,500,"Sen",0,"N2","control.A"
5,12,1,48,45,500,"Sen",0,"N2","control.A"
5,13,1,NA,45,500,"Sen",0,"N2","control.A"
5,14,1,NA,45,500,"Sen",0,"N2","control.A"
5,15,1,64,45,500,"Sen",0,"N2","control.A"
5,16,1,81,45,500,"Sen",0,"N2","control.A"
5,1,10,11,45,500,"Sen",0,"N2","control.A"
5,2,10,10,45,500,"Sen",0,"N2","control.A"
5,3,10,21,45,500,"Sen",0,"N2","control.A"
5,4,10,4,45,500,"Sen",0,"N2","control.A"
5,5,10,24,45,500,"Sen",0,"N2","control.A"
5,6,10,4,45,500,"Sen",0,"N2","control.A"
5,7,10,56,45,500,"Sen",0,"N2","control.A"
5,8,10,48,45,500,"Sen",0,"N2","control.A"
5,9,10,30,45,500,"Sen",0,"N2","control.A"
5,10,10,20,45,500,"Sen",0,"N2","control.A"
5,11,10,4,45,500,"Sen",0,"N2","control.A"
5,12,10,1,45,500,"Sen",0,"N2","control.A"
5,13,10,53,45,500,"Sen",0,"N2","control.A"
5,14,10,64,45,500,"Sen",0,"N2","control.A"
5,15,10,5,45,500,"Sen",0,"N2","control.A"
5,16,10,9,45,500,"Sen",0,"N2","control.A"
5,1,100,3,45,500,"Sen",0,"N2","control.A"
5,2,100,1,45,500,"Sen",0,"N2","control.A"
5,3,100,2,45,500,"Sen",0,"N2","control.A"
5,4,100,0,45,500,"Sen",0,"N2","control.A"
5,5,100,1,45,500,"Sen",0,"N2","control.A"
5,6,100,0,45,500,"Sen",0,"N2","control.A"
5,7,100,6,45,500,"Sen",0,"N2","control.A"
5,8,100,1,45,500,"Sen",0,"N2","control.A"
5,9,100,0,45,500,"Sen",0,"N2","control.A"
5,10,100,1,45,500,"Sen",0,"N2","control.A"
5,11,100,0,45,500,"Sen",0,"N2","control.A"
5,12,100,0,45,500,"Sen",0,"N2","control.A"
5,13,100,6,45,500,"Sen",0,"N2","control.A"
5,14,100,5,45,500,"Sen",0,"N2","control.A"
5,15,100,0,45,500,"Sen",0,"N2","control.A"
5,16,100,2,45,500,"Sen",0,"N2","control.A"
6,1,1,316,45,500,"Sen",0,"N2","control.A"
6,2,1,NA,45,500,"Sen",0,"N2","control.A"
6,3,1,NA,45,500,"Sen",0,"N2","control.A"
6,4,1,NA,45,500,"Sen",0,"N2","control.A"
6,5,1,24,45,500,"Sen",0,"N2","control.A"
6,6,1,141,45,500,"Sen",0,"N2","control.A"
6,7,1,177,45,500,"Sen",0,"N2","control.A"
6,8,1,191,45,500,"Sen",0,"N2","control.A"
6,9,1,NA,45,500,"Sen",0,"N2","control.A"
6,10,1,NA,45,500,"Sen",0,"N2","control.A"
6,11,1,NA,45,500,"Sen",0,"N2","control.A"
6,12,1,NA,45,500,"Sen",0,"N2","control.A"
6,13,1,74,45,500,"Sen",0,"N2","control.A"
6,14,1,153,45,500,"Sen",0,"N2","control.A"
6,15,1,NA,45,500,"Sen",0,"N2","control.A"
6,16,1,NA,45,500,"Sen",0,"N2","control.A"
6,1,10,44,45,500,"Sen",0,"N2","control.A"
6,2,10,89,45,500,"Sen",0,"N2","control.A"
6,3,10,58,45,500,"Sen",0,"N2","control.A"
6,4,10,204,45,500,"Sen",0,"N2","control.A"
6,5,10,5,45,500,"Sen",0,"N2","control.A"
6,6,10,13,45,500,"Sen",0,"N2","control.A"
6,7,10,33,45,500,"Sen",0,"N2","control.A"
6,8,10,33,45,500,"Sen",0,"N2","control.A"
6,9,10,51,45,500,"Sen",0,"N2","control.A"
6,10,10,63,45,500,"Sen",0,"N2","control.A"
6,11,10,78,45,500,"Sen",0,"N2","control.A"
6,12,10,84,45,500,"Sen",0,"N2","control.A"
6,13,10,14,45,500,"Sen",0,"N2","control.A"
6,14,10,6,45,500,"Sen",0,"N2","control.A"
6,15,10,69,45,500,"Sen",0,"N2","control.A"
6,16,10,71,45,500,"Sen",0,"N2","control.A"
6,1,100,1,45,500,"Sen",0,"N2","control.A"
6,2,100,16,45,500,"Sen",0,"N2","control.A"
6,3,100,6,45,500,"Sen",0,"N2","control.A"
6,4,100,35,45,500,"Sen",0,"N2","control.A"
6,5,100,0,45,500,"Sen",0,"N2","control.A"
6,6,100,2,45,500,"Sen",0,"N2","control.A"
6,7,100,3,45,500,"Sen",0,"N2","control.A"
6,8,100,2,45,500,"Sen",0,"N2","control.A"
6,9,100,14,45,500,"Sen",0,"N2","control.A"
6,10,100,8,45,500,"Sen",0,"N2","control.A"
6,11,100,8,45,500,"Sen",0,"N2","control.A"
6,12,100,9,45,500,"Sen",0,"N2","control.A"
6,13,100,0,45,500,"Sen",0,"N2","control.A"
6,14,100,0,45,500,"Sen",0,"N2","control.A"
6,15,100,5,45,500,"Sen",0,"N2","control.A"
6,16,100,10,45,500,"Sen",0,"N2","control.A"
7,1,10,NA,45,500,"Sen",0,"N2","control.A"
7,2,10,NA,45,500,"Sen",0,"N2","control.A"
7,3,10,43,45,500,"Sen",0,"N2","control.A"
7,4,10,NA,45,500,"Sen",0,"N2","control.A"
7,5,10,NA,45,500,"Sen",0,"N2","control.A"
7,6,10,NA,45,500,"Sen",0,"N2","control.A"
7,7,10,201,45,500,"Sen",0,"N2","control.A"
7,8,10,NA,45,500,"Sen",0,"N2","control.A"
7,9,10,NA,45,500,"Sen",0,"N2","control.A"
7,10,10,NA,45,500,"Sen",0,"N2","control.A"
7,11,10,NA,45,500,"Sen",0,"N2","control.A"
7,12,10,NA,45,500,"Sen",0,"N2","control.A"
7,13,10,138,45,500,"Sen",0,"N2","control.A"
7,14,10,NA,45,500,"Sen",0,"N2","control.A"
7,15,10,NA,45,500,"Sen",0,"N2","control.A"
7,16,10,NA,45,500,"Sen",0,"N2","control.A"
7,1,100,138,45,500,"Sen",0,"N2","control.A"
7,2,100,119,45,500,"Sen",0,"N2","control.A"
7,3,100,5,45,500,"Sen",0,"N2","control.A"
7,4,100,50,45,500,"Sen",0,"N2","control.A"
7,5,100,60,45,500,"Sen",0,"N2","control.A"
7,6,100,51,45,500,"Sen",0,"N2","control.A"
7,7,100,22,45,500,"Sen",0,"N2","control.A"
7,8,100,130,45,500,"Sen",0,"N2","control.A"
7,9,100,45,45,500,"Sen",0,"N2","control.A"
7,10,100,50,45,500,"Sen",0,"N2","control.A"
7,11,100,39,45,500,"Sen",0,"N2","control.A"
7,12,100,29,45,500,"Sen",0,"N2","control.A"
7,13,100,15,45,500,"Sen",0,"N2","control.A"
7,14,100,41,45,500,"Sen",0,"N2","control.A"
7,15,100,91,45,500,"Sen",0,"N2","control.A"
7,16,100,8,45,500,"Sen",0,"N2","control.A"
7,1,1000,21,45,500,"Sen",0,"N2","control.A"
7,2,1000,13,45,500,"Sen",0,"N2","control.A"
7,3,1000,0,45,500,"Sen",0,"N2","control.A"
7,4,1000,6,45,500,"Sen",0,"N2","control.A"
7,5,1000,5,45,500,"Sen",0,"N2","control.A"
7,6,1000,4,45,500,"Sen",0,"N2","control.A"
7,7,1000,1,45,500,"Sen",0,"N2","control.A"
7,8,1000,18,45,500,"Sen",0,"N2","control.A"
7,9,1000,0,45,500,"Sen",0,"N2","control.A"
7,10,1000,0,45,500,"Sen",0,"N2","control.A"
7,11,1000,3,45,500,"Sen",0,"N2","control.A"
7,12,1000,5,45,500,"Sen",0,"N2","control.A"
7,13,1000,0,45,500,"Sen",0,"N2","control.A"
7,14,1000,6,45,500,"Sen",0,"N2","control.A"
7,15,1000,6,45,500,"Sen",0,"N2","control.A"
7,16,1000,0,45,500,"Sen",0,"N2","control.A"
8,1,100,NA,45,500,"Sen",0,"N2","control.A"
8,2,100,67,45,500,"Sen",0,"N2","control.A"
8,3,100,41,45,500,"Sen",0,"N2","control.A"
8,4,100,40,45,500,"Sen",0,"N2","control.A"
8,5,100,121,45,500,"Sen",0,"N2","control.A"
8,6,100,23,45,500,"Sen",0,"N2","control.A"
8,7,100,141,45,500,"Sen",0,"N2","control.A"
8,8,100,85,45,500,"Sen",0,"N2","control.A"
8,9,100,NA,45,500,"Sen",0,"N2","control.A"
8,10,100,NA,45,500,"Sen",0,"N2","control.A"
8,11,100,NA,45,500,"Sen",0,"N2","control.A"
8,12,100,81,45,500,"Sen",0,"N2","control.A"
8,13,100,78,45,500,"Sen",0,"N2","control.A"
8,14,100,NA,45,500,"Sen",0,"N2","control.A"
8,15,100,31,45,500,"Sen",0,"N2","control.A"
8,16,100,10,45,500,"Sen",0,"N2","control.A"
8,1,1000,4,45,500,"Sen",0,"N2","control.A"
8,2,1000,0,45,500,"Sen",0,"N2","control.A"
8,3,1000,0,45,500,"Sen",0,"N2","control.A"
8,4,1000,0,45,500,"Sen",0,"N2","control.A"
8,5,1000,13,45,500,"Sen",0,"N2","control.A"
8,6,1000,0,45,500,"Sen",0,"N2","control.A"
8,7,1000,15,45,500,"Sen",0,"N2","control.A"
8,8,1000,2,45,500,"Sen",0,"N2","control.A"
8,9,1000,0,45,500,"Sen",0,"N2","control.A"
8,10,1000,0,45,500,"Sen",0,"N2","control.A"
8,11,1000,41,45,500,"Sen",0,"N2","control.A"
8,12,1000,5,45,500,"Sen",0,"N2","control.A"
8,13,1000,8,45,500,"Sen",0,"N2","control.A"
8,14,1000,13,45,500,"Sen",0,"N2","control.A"
8,15,1000,2,45,500,"Sen",0,"N2","control.A"
8,16,1000,0,45,500,"Sen",0,"N2","control.A"
9,1,100,NA,45,500,"Sen",0,"N2","control.A"
9,2,100,38,45,500,"Sen",0,"N2","control.A"
9,3,100,104,45,500,"Sen",0,"N2","control.A"
9,4,100,111,45,500,"Sen",0,"N2","control.A"
9,5,100,74,45,500,"Sen",0,"N2","control.A"
9,6,100,89,45,500,"Sen",0,"N2","control.A"
9,7,100,NA,45,500,"Sen",0,"N2","control.A"
9,8,100,108,45,500,"Sen",0,"N2","control.A"
9,9,100,NA,45,500,"Sen",0,"N2","control.A"
9,10,100,NA,45,500,"Sen",0,"N2","control.A"
9,11,100,109,45,500,"Sen",0,"N2","control.A"
9,12,100,71,45,500,"Sen",0,"N2","control.A"
9,13,100,NA,45,500,"Sen",0,"N2","control.A"
9,14,100,32,45,500,"Sen",0,"N2","control.A"
9,15,100,121,45,500,"Sen",0,"N2","control.A"
9,16,100,NA,45,500,"Sen",0,"N2","control.A"
9,1,1000,10,45,500,"Sen",0,"N2","control.A"
9,2,1000,0,45,500,"Sen",0,"N2","control.A"
9,3,1000,8,45,500,"Sen",0,"N2","control.A"
9,4,1000,6,45,500,"Sen",0,"N2","control.A"
9,5,1000,0,45,500,"Sen",0,"N2","control.A"
9,6,1000,1,45,500,"Sen",0,"N2","control.A"
9,7,1000,0,45,500,"Sen",0,"N2","control.A"
9,8,1000,1,45,500,"Sen",0,"N2","control.A"
9,9,1000,19,45,500,"Sen",0,"N2","control.A"
9,10,1000,27,45,500,"Sen",0,"N2","control.A"
9,11,1000,7,45,500,"Sen",0,"N2","control.A"
9,12,1000,5,45,500,"Sen",0,"N2","control.A"
9,13,1000,13,45,500,"Sen",0,"N2","control.A"
9,14,1000,5,45,500,"Sen",0,"N2","control.A"
9,15,1000,14,45,500,"Sen",0,"N2","control.A"
9,16,1000,21,45,500,"Sen",0,"N2","control.A"
10,1,100,36,45,500,"Sen",0,"N2","control.A"
10,2,100,67,45,500,"Sen",0,"N2","control.A"
10,3,100,32,45,500,"Sen",0,"N2","control.A"
10,4,100,0,45,500,"Sen",0,"N2","control.A"
10,5,100,76,45,500,"Sen",0,"N2","control.A"
10,6,100,89,45,500,"Sen",0,"N2","control.A"
10,7,100,230,45,500,"Sen",0,"N2","control.A"
10,8,100,179,45,500,"Sen",0,"N2","control.A"
10,9,100,NA,45,500,"Sen",0,"N2","control.A"
10,10,100,NA,45,500,"Sen",0,"N2","control.A"
10,11,100,91,45,500,"Sen",0,"N2","control.A"
10,12,100,63,45,500,"Sen",0,"N2","control.A"
10,13,100,21,45,500,"Sen",0,"N2","control.A"
10,14,100,0,45,500,"Sen",0,"N2","control.A"
10,15,100,38,45,500,"Sen",0,"N2","control.A"
10,16,100,NA,45,500,"Sen",0,"N2","control.A"
10,1,1000,2,45,500,"Sen",0,"N2","control.A"
10,2,1000,9,45,500,"Sen",0,"N2","control.A"
10,3,1000,4,45,500,"Sen",0,"N2","control.A"
10,4,1000,0,45,500,"Sen",0,"N2","control.A"
10,5,1000,6,45,500,"Sen",0,"N2","control.A"
10,6,1000,9,45,500,"Sen",0,"N2","control.A"
10,7,1000,30,45,500,"Sen",0,"N2","control.A"
10,8,1000,28,45,500,"Sen",0,"N2","control.A"
10,9,1000,19,45,500,"Sen",0,"N2","control.A"
10,10,1000,12,45,500,"Sen",0,"N2","control.A"
10,11,1000,7,45,500,"Sen",0,"N2","control.A"
10,12,1000,5,45,500,"Sen",0,"N2","control.A"
10,13,1000,1,45,500,"Sen",0,"N2","control.A"
10,14,1000,0,45,500,"Sen",0,"N2","control.A"
10,15,1000,6,45,500,"Sen",0,"N2","control.A"
10,16,1000,23,45,500,"Sen",0,"N2","control.A"
10,1,10000,0,45,500,"Sen",0,"N2","control.A"
10,2,10000,0,45,500,"Sen",0,"N2","control.A"
10,3,10000,0,45,500,"Sen",0,"N2","control.A"
10,4,10000,0,45,500,"Sen",0,"N2","control.A"
10,5,10000,1,45,500,"Sen",0,"N2","control.A"
10,6,10000,2,45,500,"Sen",0,"N2","control.A"
10,7,10000,4,45,500,"Sen",0,"N2","control.A"
10,8,10000,3,45,500,"Sen",0,"N2","control.A"
10,9,10000,1,45,500,"Sen",0,"N2","control.A"
10,10,10000,1,45,500,"Sen",0,"N2","control.A"
10,11,10000,0,45,500,"Sen",0,"N2","control.A"
10,12,10000,0,45,500,"Sen",0,"N2","control.A"
10,13,10000,0,45,500,"Sen",0,"N2","control.A"
10,14,10000,0,45,500,"Sen",0,"N2","control.A"
10,15,10000,1,45,500,"Sen",0,"N2","control.A"
10,16,10000,2,45,500,"Sen",0,"N2","control.A"
11,1,100,57,45,500,"Sen",0,"N2","control.A"
11,2,100,52,45,500,"Sen",0,"N2","control.A"
11,3,100,141,45,500,"Sen",0,"N2","control.A"
11,4,100,139,45,500,"Sen",0,"N2","control.A"
11,5,100,127,45,500,"Sen",0,"N2","control.A"
11,6,100,62,45,500,"Sen",0,"N2","control.A"
11,7,100,NA,45,500,"Sen",0,"N2","control.A"
11,8,100,193,45,500,"Sen",0,"N2","control.A"
11,9,100,41,45,500,"Sen",0,"N2","control.A"
11,10,100,55,45,500,"Sen",0,"N2","control.A"
11,11,100,133,45,500,"Sen",0,"N2","control.A"
11,12,100,NA,45,500,"Sen",0,"N2","control.A"
11,13,100,NA,45,500,"Sen",0,"N2","control.A"
11,14,100,53,45,500,"Sen",0,"N2","control.A"
11,15,100,44,45,500,"Sen",0,"N2","control.A"
11,16,100,91,45,500,"Sen",0,"N2","control.A"
11,1,1000,10,45,500,"Sen",0,"N2","control.A"
11,2,1000,6,45,500,"Sen",0,"N2","control.A"
11,3,1000,15,45,500,"Sen",0,"N2","control.A"
11,4,1000,20,45,500,"Sen",0,"N2","control.A"
11,5,1000,12,45,500,"Sen",0,"N2","control.A"
11,6,1000,5,45,500,"Sen",0,"N2","control.A"
11,7,1000,48,45,500,"Sen",0,"N2","control.A"
11,8,1000,29,45,500,"Sen",0,"N2","control.A"
11,9,1000,3,45,500,"Sen",0,"N2","control.A"
11,10,1000,3,45,500,"Sen",0,"N2","control.A"
11,11,1000,23,45,500,"Sen",0,"N2","control.A"
11,12,1000,19,45,500,"Sen",0,"N2","control.A"
11,13,1000,3,45,500,"Sen",0,"N2","control.A"
11,14,1000,3,45,500,"Sen",0,"N2","control.A"
11,15,1000,3,45,500,"Sen",0,"N2","control.A"
11,16,1000,6,45,500,"Sen",0,"N2","control.A"
11,1,10000,1,45,500,"Sen",0,"N2","control.A"
11,2,10000,0,45,500,"Sen",0,"N2","control.A"
11,3,10000,7,45,500,"Sen",0,"N2","control.A"
11,4,10000,5,45,500,"Sen",0,"N2","control.A"
11,5,10000,3,45,500,"Sen",0,"N2","control.A"
11,6,10000,1,45,500,"Sen",0,"N2","control.A"
11,7,10000,10,45,500,"Sen",0,"N2","control.A"
11,8,10000,2,45,500,"Sen",0,"N2","control.A"
11,9,10000,0,45,500,"Sen",0,"N2","control.A"
11,10,10000,0,45,500,"Sen",0,"N2","control.A"
11,11,10000,2,45,500,"Sen",0,"N2","control.A"
11,12,10000,2,45,500,"Sen",0,"N2","control.A"
11,13,10000,0,45,500,"Sen",0,"N2","control.A"
11,14,10000,0,45,500,"Sen",0,"N2","control.A"
11,15,10000,0,45,500,"Sen",0,"N2","control.A"
11,16,10000,0,45,500,"Sen",0,"N2","control.A"
3,1,1,55,45,500,"Sen",0,"N2","control.A"
3,2,1,12,45,500,"Sen",0,"N2","control.A"
3,3,1,2,45,500,"Sen",0,"N2","control.A"
3,4,1,12,45,500,"Sen",0,"N2","control.A"
3,5,1,8,45,500,"Sen",0,"N2","control.A"
3,6,1,34,45,500,"Sen",0,"N2","control.A"
3,7,1,40,45,500,"Sen",0,"N2","control.A"
3,8,1,5,45,500,"Sen",0,"N2","control.A"
3,9,1,8,45,500,"Sen",0,"N2","control.A"
3,10,1,32,45,500,"Sen",0,"N2","control.A"
3,1,10,8,45,500,"Sen",0,"N2","control.A"
3,2,10,1,45,500,"Sen",0,"N2","control.A"
3,4,10,1,45,500,"Sen",0,"N2","control.A"
3,7,10,4,45,500,"Sen",0,"N2","control.A"
3,10,10,3,45,500,"Sen",0,"N2","control.A"
4,1,10,16,45,500,"Sen",0,"N2","control.A"
4,2,10,52,45,500,"Sen",0,"N2","control.A"
4,3,10,33,45,500,"Sen",0,"N2","control.A"
4,4,10,15,45,500,"Sen",0,"N2","control.A"
4,5,10,9,45,500,"Sen",0,"N2","control.A"
4,6,10,16,45,500,"Sen",0,"N2","control.A"
4,7,10,20,45,500,"Sen",0,"N2","control.A"
4,8,10,18,45,500,"Sen",0,"N2","control.A"
4,10,10,20,45,500,"Sen",0,"N2","control.A"
4,1,100,2,45,500,"Sen",0,"N2","control.A"
4,2,100,5,45,500,"Sen",0,"N2","control.A"
4,3,100,6,45,500,"Sen",0,"N2","control.A"
4,4,100,3,45,500,"Sen",0,"N2","control.A"
4,5,100,2,45,500,"Sen",0,"N2","control.A"
4,8,100,2,45,500,"Sen",0,"N2","control.A"
4,9,100,18,45,500,"Sen",0,"N2","control.A"
6,4,100,95,45,500,"Sen",0,"N2","control.A"
6,5,100,69,45,500,"Sen",0,"N2","control.A"
6,6,100,14,45,500,"Sen",0,"N2","control.A"
6,7,100,33,45,500,"Sen",0,"N2","control.A"
6,1,1000,32,45,500,"Sen",0,"N2","control.A"
6,2,1000,96,45,500,"Sen",0,"N2","control.A"
6,3,1000,23,45,500,"Sen",0,"N2","control.A"
6,4,1000,4,45,500,"Sen",0,"N2","control.A"
6,5,1000,5,45,500,"Sen",0,"N2","control.A"
6,8,1000,15,45,500,"Sen",0,"N2","control.A"
6,9,1000,8,45,500,"Sen",0,"N2","control.A"
6,10,1000,18,45,500,"Sen",0,"N2","control.A"
8,1,1000,12,45,500,"Sen",0,"N2","control.A"
8,2,1000,54,45,500,"Sen",0,"N2","control.A"
8,3,1000,40,45,500,"Sen",0,"N2","control.A"
8,4,1000,6,45,500,"Sen",0,"N2","control.A"
8,5,1000,57,45,500,"Sen",0,"N2","control.A"
8,6,1000,6,45,500,"Sen",0,"N2","control.A"
8,7,1000,4,45,500,"Sen",0,"N2","control.A"
8,8,1000,6,45,500,"Sen",0,"N2","control.A"
8,9,1000,13,45,500,"Sen",0,"N2","control.A"
8,10,1000,13,45,500,"Sen",0,"N2","control.A"
10,1,1000,13,45,500,"Sen",0,"N2","control.A"
10,2,1000,9,45,500,"Sen",0,"N2","control.A"
10,3,1000,10,45,500,"Sen",0,"N2","control.A"
10,4,1000,19,45,500,"Sen",0,"N2","control.A"
10,5,1000,9,45,500,"Sen",0,"N2","control.A"
10,6,1000,34,45,500,"Sen",0,"N2","control.A"
10,7,1000,24,45,500,"Sen",0,"N2","control.A"
10,8,1000,3,45,500,"Sen",0,"N2","control.A"
10,9,1000,13,45,500,"Sen",0,"N2","control.A"
10,10,1000,6,45,500,"Sen",0,"N2","control.A"
3,1,1,25,45,500,"Sen",0,"N2","early.exp"
3,2,1,40,45,500,"Sen",0,"N2","early.exp"
3,3,1,34,45,500,"Sen",0,"N2","early.exp"
3,4,1,35,45,500,"Sen",0,"N2","early.exp"
3,1,10,3,45,500,"Sen",0,"N2","early.exp"
3,2,10,1,45,500,"Sen",0,"N2","early.exp"
3,3,10,3,45,500,"Sen",0,"N2","early.exp"
3,4,10,4,45,500,"Sen",0,"N2","early.exp"
3,5,10,12,45,500,"Sen",0,"N2","early.exp"
3,6,10,17,45,500,"Sen",0,"N2","early.exp"
3,7,10,10,45,500,"Sen",0,"N2","early.exp"
3,8,10,13,45,500,"Sen",0,"N2","early.exp"
3,9,10,10,45,500,"Sen",0,"N2","early.exp"
3,10,10,10,45,500,"Sen",0,"N2","early.exp"
4,1,1,0,45,500,"Sen",0,"N2","early.exp"
4,2,1,0,45,500,"Sen",0,"N2","early.exp"
4,3,1,0,45,500,"Sen",0,"N2","early.exp"
4,4,1,0,45,500,"Sen",0,"N2","early.exp"
4,5,1,0,45,500,"Sen",0,"N2","early.exp"
4,6,1,0,45,500,"Sen",0,"N2","early.exp"
4,7,1,0,45,500,"Sen",0,"N2","early.exp"
4,8,1,0,45,500,"Sen",0,"N2","early.exp"
4,9,1,0,45,500,"Sen",0,"N2","early.exp"
4,10,1,0,45,500,"Sen",0,"N2","early.exp"
4,2,1,80,45,500,"Pae",0,"N2","early.exp"
4,3,1,50,45,500,"Pae",0,"N2","early.exp"
4,4,1,58,45,500,"Pae",0,"N2","early.exp"
4,6,1,75,45,500,"Pae",0,"N2","early.exp"
4,7,1,102,45,500,"Pae",0,"N2","early.exp"
4,1,10,32,45,500,"Pae",0,"N2","early.exp"
4,2,10,6,45,500,"Pae",0,"N2","early.exp"
4,3,10,7,45,500,"Pae",0,"N2","early.exp"
4,4,10,8,45,500,"Pae",0,"N2","early.exp"
4,5,10,35,45,500,"Pae",0,"N2","early.exp"
4,6,10,7,45,500,"Pae",0,"N2","early.exp"
4,7,10,13,45,500,"Pae",0,"N2","early.exp"
4,8,10,48,45,500,"Pae",0,"N2","early.exp"
4,9,10,48,45,500,"Pae",0,"N2","early.exp"
4,10,10,26,45,500,"Pae",0,"N2","early.exp"
4,1,100,4,45,500,"Pae",0,"N2","early.exp"
4,2,100,2,45,500,"Pae",0,"N2","early.exp"
4,4,100,1,45,500,"Pae",0,"N2","early.exp"
4,5,100,1,45,500,"Pae",0,"N2","early.exp"
4,6,100,1,45,500,"Pae",0,"N2","early.exp"
4,8,100,5,45,500,"Pae",0,"N2","early.exp"
4,9,100,2,45,500,"Pae",0,"N2","early.exp"
4,10,100,3,45,500,"Pae",0,"N2","early.exp"
5,1,10,8,45,500,"Sen",0,"N2","early.exp"
5,2,10,43,45,500,"Sen",0,"N2","early.exp"
5,3,10,3,45,500,"Sen",0,"N2","early.exp"
5,4,10,4,45,500,"Sen",0,"N2","early.exp"
5,5,10,10,45,500,"Sen",0,"N2","early.exp"
5,6,10,12,45,500,"Sen",0,"N2","early.exp"
5,7,10,13,45,500,"Sen",0,"N2","early.exp"
5,8,10,6,45,500,"Sen",0,"N2","early.exp"
5,9,10,12,45,500,"Sen",0,"N2","early.exp"
5,10,10,2,45,500,"Sen",0,"N2","early.exp"
5,1,100,1,45,500,"Sen",0,"N2","early.exp"
5,2,100,3,45,500,"Sen",0,"N2","early.exp"
5,5,100,1,45,500,"Sen",0,"N2","early.exp"
5,6,100,2,45,500,"Sen",0,"N2","early.exp"
5,9,100,2,45,500,"Sen",0,"N2","early.exp"
5,1,1,0,45,500,"Pae",0,"N2","early.exp"
5,2,1,0,45,500,"Pae",0,"N2","early.exp"
5,3,1,6,45,500,"Pae",0,"N2","early.exp"
5,4,1,0,45,500,"Pae",0,"N2","early.exp"
5,5,1,0,45,500,"Pae",0,"N2","early.exp"
5,6,1,0,45,500,"Pae",0,"N2","early.exp"
5,7,1,0,45,500,"Pae",0,"N2","early.exp"
5,8,1,0,45,500,"Pae",0,"N2","early.exp"
5,9,1,0,45,500,"Pae",0,"N2","early.exp"
5,10,1,0,45,500,"Pae",0,"N2","early.exp"
6,6,10,12,45,500,"Sen",0,"N2","early.exp"
6,8,10,28,45,500,"Sen",0,"N2","early.exp"
6,1,100,20,45,500,"Sen",0,"N2","early.exp"
6,2,100,29,45,500,"Sen",0,"N2","early.exp"
6,3,100,17,45,500,"Sen",0,"N2","early.exp"
6,4,100,13,45,500,"Sen",0,"N2","early.exp"
6,5,100,80,45,500,"Sen",0,"N2","early.exp"
6,6,100,1,45,500,"Sen",0,"N2","early.exp"
6,7,100,27,45,500,"Sen",0,"N2","early.exp"
6,8,100,3,45,500,"Sen",0,"N2","early.exp"
6,9,100,37,45,500,"Sen",0,"N2","early.exp"
6,10,100,11,45,500,"Sen",0,"N2","early.exp"
6,3,1000,4,45,500,"Sen",0,"N2","early.exp"
6,4,1000,2,45,500,"Sen",0,"N2","early.exp"
6,9,1000,2,45,500,"Sen",0,"N2","early.exp"
6,10,1000,1,45,500,"Sen",0,"N2","early.exp"
6,1,1,0,45,500,"Pae",0,"N2","early.exp"
6,2,1,0,45,500,"Pae",0,"N2","early.exp"
6,3,1,0,45,500,"Pae",0,"N2","early.exp"
6,4,1,0,45,500,"Pae",0,"N2","early.exp"
6,5,1,9,45,500,"Pae",0,"N2","early.exp"
6,6,1,0,45,500,"Pae",0,"N2","early.exp"
6,7,1,0,45,500,"Pae",0,"N2","early.exp"
6,8,1,0,45,500,"Pae",0,"N2","early.exp"
6,9,1,0,45,500,"Pae",0,"N2","early.exp"
6,10,1,0,45,500,"Pae",0,"N2","early.exp"
6,5,10,1,45,500,"Pae",0,"N2","early.exp"
8,7,100,38,45,500,"Sen",0,"N2","early.exp"
8,10,100,15,45,500,"Sen",0,"N2","early.exp"
8,1,1000,24,45,500,"Sen",0,"N2","early.exp"
8,2,1000,25,45,500,"Sen",0,"N2","early.exp"
8,3,1000,25,45,500,"Sen",0,"N2","early.exp"
8,4,1000,67,45,500,"Sen",0,"N2","early.exp"
8,5,1000,34,45,500,"Sen",0,"N2","early.exp"
8,6,1000,16,45,500,"Sen",0,"N2","early.exp"
8,7,1000,3,45,500,"Sen",0,"N2","early.exp"
8,8,1000,26,45,500,"Sen",0,"N2","early.exp"
8,9,1000,15,45,500,"Sen",0,"N2","early.exp"
8,10,1000,1,45,500,"Sen",0,"N2","early.exp"
8,2,10000,3,45,500,"Sen",0,"N2","early.exp"
8,3,10000,2,45,500,"Sen",0,"N2","early.exp"
8,4,10000,8,45,500,"Sen",0,"N2","early.exp"
8,5,10000,6,45,500,"Sen",0,"N2","early.exp"
8,8,10000,3,45,500,"Sen",0,"N2","early.exp"
8,9,10000,1,45,500,"Sen",0,"N2","early.exp"
8,1,1,0,45,500,"Pae",0,"N2","early.exp"
8,2,1,0,45,500,"Pae",0,"N2","early.exp"
8,3,1,0,45,500,"Pae",0,"N2","early.exp"
8,4,1,0,45,500,"Pae",0,"N2","early.exp"
8,5,1,0,45,500,"Pae",0,"N2","early.exp"
8,6,1,0,45,500,"Pae",0,"N2","early.exp"
8,7,1,0,45,500,"Pae",0,"N2","early.exp"
8,8,1,0,45,500,"Pae",0,"N2","early.exp"
8,9,1,0,45,500,"Pae",0,"N2","early.exp"
8,10,1,0,45,500,"Pae",0,"N2","early.exp"
10,1,1000,36,45,500,"Sen",0,"N2","early.exp"
10,2,1000,45,45,500,"Sen",0,"N2","early.exp"
10,3,1000,12,45,500,"Sen",0,"N2","early.exp"
10,4,1000,34,45,500,"Sen",0,"N2","early.exp"
10,5,10000,22,45,500,"Sen",0,"N2","early.exp"
10,1,10000,3,45,500,"Sen",0,"N2","early.exp"
10,2,10000,1,45,500,"Sen",0,"N2","early.exp"
10,3,10000,1,45,500,"Sen",0,"N2","early.exp"
10,4,10000,2,45,500,"Sen",0,"N2","early.exp"
10,5,10000,1,45,500,"Sen",0,"N2","early.exp"
10,1,1,0,45,500,"Pae",0,"N2","early.exp"
10,2,1,0,45,500,"Pae",0,"N2","early.exp"
10,3,1,0,45,500,"Pae",0,"N2","early.exp"
10,4,1,0,45,500,"Pae",0,"N2","early.exp"
10,5,1,0,45,500,"Pae",0,"N2","early.exp"
3,1,1,13,45,500,"Sen",0,"N2","late.exp"
3,2,1,25,45,500,"Sen",0,"N2","late.exp"
3,3,1,21,45,500,"Sen",0,"N2","late.exp"
3,4,1,40,45,500,"Sen",0,"N2","late.exp"
3,5,1,17,45,500,"Sen",0,"N2","late.exp"
3,6,1,17,45,500,"Sen",0,"N2","late.exp"
3,7,1,21,45,500,"Sen",0,"N2","late.exp"
3,8,1,23,45,500,"Sen",0,"N2","late.exp"
3,9,1,21,45,500,"Sen",0,"N2","late.exp"
3,10,1,39,45,500,"Sen",0,"N2","late.exp"
3,11,1,57,45,500,"Sen",0,"N2","late.exp"
3,12,1,17,45,500,"Sen",0,"N2","late.exp"
3,13,1,23,45,500,"Sen",0,"N2","late.exp"
3,14,1,30,45,500,"Sen",0,"N2","late.exp"
3,15,1,3,45,500,"Sen",0,"N2","late.exp"
3,1,10,1,45,500,"Sen",0,"N2","late.exp"
3,2,10,3,45,500,"Sen",0,"N2","late.exp"
3,3,10,2,45,500,"Sen",0,"N2","late.exp"
3,4,10,8,45,500,"Sen",0,"N2","late.exp"
3,5,10,2,45,500,"Sen",0,"N2","late.exp"
3,6,10,0,45,500,"Sen",0,"N2","late.exp"
3,7,10,5,45,500,"Sen",0,"N2","late.exp"
3,8,10,3,45,500,"Sen",0,"N2","late.exp"
3,9,10,0,45,500,"Sen",0,"N2","late.exp"
3,10,10,5,45,500,"Sen",0,"N2","late.exp"
3,11,10,10,45,500,"Sen",0,"N2","late.exp"
3,12,10,1,45,500,"Sen",0,"N2","late.exp"
3,13,10,2,45,500,"Sen",0,"N2","late.exp"
3,14,10,4,45,500,"Sen",0,"N2","late.exp"
3,15,10,0,45,500,"Sen",0,"N2","late.exp"
4,1,1,76,45,500,"Sen",0,"N2","late.exp"
4,2,1,63,45,500,"Sen",0,"N2","late.exp"
4,3,1,NA,45,500,"Sen",0,"N2","late.exp"
4,4,1,132,45,500,"Sen",0,"N2","late.exp"
4,5,1,69,45,500,"Sen",0,"N2","late.exp"
4,6,1,57,45,500,"Sen",0,"N2","late.exp"
4,7,1,41,45,500,"Sen",0,"N2","late.exp"
4,8,1,71,45,500,"Sen",0,"N2","late.exp"
4,9,1,47,45,500,"Sen",0,"N2","late.exp"
4,10,1,91,45,500,"Sen",0,"N2","late.exp"
4,11,1,33,45,500,"Sen",0,"N2","late.exp"
4,12,1,65,45,500,"Sen",0,"N2","late.exp"
4,13,1,71,45,500,"Sen",0,"N2","late.exp"
4,14,1,34,45,500,"Sen",0,"N2","late.exp"
4,15,1,19,45,500,"Sen",0,"N2","late.exp"
4,1,10,10,45,500,"Sen",0,"N2","late.exp"
4,2,10,4,45,500,"Sen",0,"N2","late.exp"
4,3,10,93,45,500,"Sen",0,"N2","late.exp"
4,4,10,32,45,500,"Sen",0,"N2","late.exp"
4,5,10,16,45,500,"Sen",0,"N2","late.exp"
4,6,10,10,45,500,"Sen",0,"N2","late.exp"
4,7,10,8,45,500,"Sen",0,"N2","late.exp"
4,8,10,18,45,500,"Sen",0,"N2","late.exp"
4,9,10,4,45,500,"Sen",0,"N2","late.exp"
4,10,10,18,45,500,"Sen",0,"N2","late.exp"
4,11,10,5,45,500,"Sen",0,"N2","late.exp"
4,12,10,14,45,500,"Sen",0,"N2","late.exp"
4,13,10,11,45,500,"Sen",0,"N2","late.exp"
4,14,10,1,45,500,"Sen",0,"N2","late.exp"
4,15,10,3,45,500,"Sen",0,"N2","late.exp"
5,1,10,NA,45,500,"Sen",0,"N2","late.exp"
5,2,10,NA,45,500,"Sen",0,"N2","late.exp"
5,3,10,NA,45,500,"Sen",0,"N2","late.exp"
5,4,10,141,45,500,"Sen",0,"N2","late.exp"
5,5,10,108,45,500,"Sen",0,"N2","late.exp"
5,6,10,105,45,500,"Sen",0,"N2","late.exp"
5,7,10,44,45,500,"Sen",0,"N2","late.exp"
5,8,10,68,45,500,"Sen",0,"N2","late.exp"
5,9,10,NA,45,500,"Sen",0,"N2","late.exp"
5,10,10,132,45,500,"Sen",0,"N2","late.exp"
5,11,10,117,45,500,"Sen",0,"N2","late.exp"
5,12,10,70,45,500,"Sen",0,"N2","late.exp"
5,13,10,22,45,500,"Sen",0,"N2","late.exp"
5,14,10,NA,45,500,"Sen",0,"N2","late.exp"
5,15,10,NA,45,500,"Sen",0,"N2","late.exp"
5,1,100,135,45,500,"Sen",0,"N2","late.exp"
5,2,100,74,45,500,"Sen",0,"N2","late.exp"
5,3,100,16,45,500,"Sen",0,"N2","late.exp"
5,4,100,26,45,500,"Sen",0,"N2","late.exp"
5,5,100,20,45,500,"Sen",0,"N2","late.exp"
5,6,100,18,45,500,"Sen",0,"N2","late.exp"
5,7,100,4,45,500,"Sen",0,"N2","late.exp"
5,8,100,2,45,500,"Sen",0,"N2","late.exp"
5,9,100,51,45,500,"Sen",0,"N2","late.exp"
5,10,100,17,45,500,"Sen",0,"N2","late.exp"
5,11,100,18,45,500,"Sen",0,"N2","late.exp"
5,12,100,7,45,500,"Sen",0,"N2","late.exp"
5,13,100,5,45,500,"Sen",0,"N2","late.exp"
5,14,100,34,45,500,"Sen",0,"N2","late.exp"
5,15,100,39,45,500,"Sen",0,"N2","late.exp"
6,1,10,NA,45,500,"Sen",0,"N2","late.exp"
6,2,10,NA,45,500,"Sen",0,"N2","late.exp"
6,3,10,31,45,500,"Sen",0,"N2","late.exp"
6,4,10,96,45,500,"Sen",0,"N2","late.exp"
6,5,10,58,45,500,"Sen",0,"N2","late.exp"
6,6,10,NA,45,500,"Sen",0,"N2","late.exp"
6,7,10,NA,45,500,"Sen",0,"N2","late.exp"
6,8,10,NA,45,500,"Sen",0,"N2","late.exp"
6,9,10,NA,45,500,"Sen",0,"N2","late.exp"
6,10,10,NA,45,500,"Sen",0,"N2","late.exp"
6,11,10,NA,45,500,"Sen",0,"N2","late.exp"
6,12,10,NA,45,500,"Sen",0,"N2","late.exp"
6,13,10,NA,45,500,"Sen",0,"N2","late.exp"
6,14,10,112,45,500,"Sen",0,"N2","late.exp"
6,15,10,97,45,500,"Sen",0,"N2","late.exp"
6,1,100,52,45,500,"Sen",0,"N2","late.exp"
6,2,100,32,45,500,"Sen",0,"N2","late.exp"
6,3,100,4,45,500,"Sen",0,"N2","late.exp"
6,4,100,22,45,500,"Sen",0,"N2","late.exp"
6,5,100,11,45,500,"Sen",0,"N2","late.exp"
6,6,100,75,45,500,"Sen",0,"N2","late.exp"
6,7,100,117,45,500,"Sen",0,"N2","late.exp"
6,8,100,41,45,500,"Sen",0,"N2","late.exp"
6,9,100,111,45,500,"Sen",0,"N2","late.exp"
6,10,100,103,45,500,"Sen",0,"N2","late.exp"
6,11,100,30,45,500,"Sen",0,"N2","late.exp"
6,12,100,45,45,500,"Sen",0,"N2","late.exp"
6,13,100,50,45,500,"Sen",0,"N2","late.exp"
6,14,100,23,45,500,"Sen",0,"N2","late.exp"
6,15,100,27,45,500,"Sen",0,"N2","late.exp"
6,1,1000,12,45,500,"Sen",0,"N2","late.exp"
6,2,1000,2,45,500,"Sen",0,"N2","late.exp"
6,3,1000,1,45,500,"Sen",0,"N2","late.exp"
6,4,1000,4,45,500,"Sen",0,"N2","late.exp"
6,5,1000,3,45,500,"Sen",0,"N2","late.exp"
6,6,1000,6,45,500,"Sen",0,"N2","late.exp"
6,7,1000,21,45,500,"Sen",0,"N2","late.exp"
6,8,1000,6,45,500,"Sen",0,"N2","late.exp"
6,9,1000,21,45,500,"Sen",0,"N2","late.exp"
6,10,1000,24,45,500,"Sen",0,"N2","late.exp"
6,11,1000,27,45,500,"Sen",0,"N2","late.exp"
6,12,1000,4,45,500,"Sen",0,"N2","late.exp"
6,13,1000,14,45,500,"Sen",0,"N2","late.exp"
6,14,1000,0,45,500,"Sen",0,"N2","late.exp"
6,15,1000,2,45,500,"Sen",0,"N2","late.exp"
7,1,100,NA,45,500,"Sen",0,"N2","late.exp"
7,2,100,NA,45,500,"Sen",0,"N2","late.exp"
7,3,100,NA,45,500,"Sen",0,"N2","late.exp"
7,4,100,NA,45,500,"Sen",0,"N2","late.exp"
7,5,100,102,45,500,"Sen",0,"N2","late.exp"
7,6,100,29,45,500,"Sen",0,"N2","late.exp"
7,7,100,NA,45,500,"Sen",0,"N2","late.exp"
7,8,100,43,45,500,"Sen",0,"N2","late.exp"
7,9,100,3,45,500,"Sen",0,"N2","late.exp"
7,10,100,65,45,500,"Sen",0,"N2","late.exp"
7,11,100,1,45,500,"Sen",0,"N2","late.exp"
7,12,100,3,45,500,"Sen",0,"N2","late.exp"
7,13,100,83,45,500,"Sen",0,"N2","late.exp"
7,14,100,1,45,500,"Sen",0,"N2","late.exp"
7,15,100,NA,45,500,"Sen",0,"N2","late.exp"
7,1,1000,22,45,500,"Sen",0,"N2","late.exp"
7,2,1000,24,45,500,"Sen",0,"N2","late.exp"
7,3,1000,16,45,500,"Sen",0,"N2","late.exp"
7,4,1000,31,45,500,"Sen",0,"N2","late.exp"
7,5,1000,29,45,500,"Sen",0,"N2","late.exp"
7,6,1000,4,45,500,"Sen",0,"N2","late.exp"
7,7,1000,19,45,500,"Sen",0,"N2","late.exp"
7,8,1000,3,45,500,"Sen",0,"N2","late.exp"
7,9,1000,0,45,500,"Sen",0,"N2","late.exp"
7,10,1000,9,45,500,"Sen",0,"N2","late.exp"
7,11,1000,0,45,500,"Sen",0,"N2","late.exp"
7,12,1000,2,45,500,"Sen",0,"N2","late.exp"
7,13,1000,11,45,500,"Sen",0,"N2","late.exp"
7,14,1000,0,45,500,"Sen",0,"N2","late.exp"
7,15,1000,25,45,500,"Sen",0,"N2","late.exp"
7,1,10000,0,45,500,"Sen",0,"N2","late.exp"
7,2,10000,0,45,500,"Sen",0,"N2","late.exp"
7,3,10000,0,45,500,"Sen",0,"N2","late.exp"
7,4,10000,9,45,500,"Sen",0,"N2","late.exp"
7,5,10000,0,45,500,"Sen",0,"N2","late.exp"
7,6,10000,0,45,500,"Sen",0,"N2","late.exp"
7,7,10000,0,45,500,"Sen",0,"N2","late.exp"
7,8,10000,0,45,500,"Sen",0,"N2","late.exp"
7,9,10000,0,45,500,"Sen",0,"N2","late.exp"
7,10,10000,0,45,500,"Sen",0,"N2","late.exp"
7,11,10000,0,45,500,"Sen",0,"N2","late.exp"
7,12,10000,1,45,500,"Sen",0,"N2","late.exp"
7,13,10000,0,45,500,"Sen",0,"N2","late.exp"
7,14,10000,0,45,500,"Sen",0,"N2","late.exp"
7,15,10000,1,45,500,"Sen",0,"N2","late.exp"
8,1,100,38,45,500,"Sen",0,"N2","late.exp"
8,2,100,30,45,500,"Sen",0,"N2","late.exp"
8,3,100,12,45,500,"Sen",0,"N2","late.exp"
8,4,100,99,45,500,"Sen",0,"N2","late.exp"
8,5,100,40,45,500,"Sen",0,"N2","late.exp"
8,6,100,48,45,500,"Sen",0,"N2","late.exp"
8,7,100,66,45,500,"Sen",0,"N2","late.exp"
8,8,100,70,45,500,"Sen",0,"N2","late.exp"
8,9,100,24,45,500,"Sen",0,"N2","late.exp"
8,10,100,NA,45,500,"Sen",0,"N2","late.exp"
8,11,100,129,45,500,"Sen",0,"N2","late.exp"
8,12,100,84,45,500,"Sen",0,"N2","late.exp"
8,13,100,50,45,500,"Sen",0,"N2","late.exp"
8,14,100,51,45,500,"Sen",0,"N2","late.exp"
8,15,100,7,45,500,"Sen",0,"N2","late.exp"
8,1,1000,1,45,500,"Sen",0,"N2","late.exp"
8,2,1000,2,45,500,"Sen",0,"N2","late.exp"
8,3,1000,1,45,500,"Sen",0,"N2","late.exp"
8,4,1000,14,45,500,"Sen",0,"N2","late.exp"
8,5,1000,13,45,500,"Sen",0,"N2","late.exp"
8,6,1000,15,45,500,"Sen",0,"N2","late.exp"
8,7,1000,12,45,500,"Sen",0,"N2","late.exp"
8,8,1000,12,45,500,"Sen",0,"N2","late.exp"
8,9,1000,2,45,500,"Sen",0,"N2","late.exp"
8,10,1000,20,45,500,"Sen",0,"N2","late.exp"
8,11,1000,23,45,500,"Sen",0,"N2","late.exp"
8,12,1000,15,45,500,"Sen",0,"N2","late.exp"
8,13,1000,6,45,500,"Sen",0,"N2","late.exp"
8,14,1000,5,45,500,"Sen",0,"N2","late.exp"
8,15,1000,0,45,500,"Sen",0,"N2","late.exp"
8,1,10000,0,45,500,"Sen",0,"N2","late.exp"
8,2,10000,0,45,500,"Sen",0,"N2","late.exp"
8,3,10000,0,45,500,"Sen",0,"N2","late.exp"
8,4,10000,2,45,500,"Sen",0,"N2","late.exp"
8,5,10000,3,45,500,"Sen",0,"N2","late.exp"
8,6,10000,1,45,500,"Sen",0,"N2","late.exp"
8,7,10000,3,45,500,"Sen",0,"N2","late.exp"
8,8,10000,1,45,500,"Sen",0,"N2","late.exp"
8,9,10000,0,45,500,"Sen",0,"N2","late.exp"
8,10,10000,0,45,500,"Sen",0,"N2","late.exp"
8,11,10000,2,45,500,"Sen",0,"N2","late.exp"
8,12,10000,2,45,500,"Sen",0,"N2","late.exp"
8,13,10000,0,45,500,"Sen",0,"N2","late.exp"
8,14,10000,0,45,500,"Sen",0,"N2","late.exp"
8,15,10000,0,45,500,"Sen",0,"N2","late.exp"
9,1,100,5,45,500,"Sen",0,"N2","late.exp"
9,2,100,58,45,500,"Sen",0,"N2","late.exp"
9,3,100,17,45,500,"Sen",0,"N2","late.exp"
9,4,100,39,45,500,"Sen",0,"N2","late.exp"
9,5,100,NA,45,500,"Sen",0,"N2","late.exp"
9,1,1000,1,45,500,"Sen",0,"N2","late.exp"
9,2,1000,11,45,500,"Sen",0,"N2","late.exp"
9,3,1000,2,45,500,"Sen",0,"N2","late.exp"
9,4,1000,8,45,500,"Sen",0,"N2","late.exp"
9,5,1000,17,45,500,"Sen",0,"N2","late.exp"
12,1,100,23,45,500,"Sen",0,"N2","late.exp"
12,2,100,0,45,500,"Sen",0,"N2","late.exp"
12,3,100,23,45,500,"Sen",0,"N2","late.exp"
12,4,100,122,45,500,"Sen",0,"N2","late.exp"
12,1,1000,3,45,500,"Sen",0,"N2","late.exp"
12,2,1000,0,45,500,"Sen",0,"N2","late.exp"
12,3,1000,1,45,500,"Sen",0,"N2","late.exp"
12,4,1000,24,45,500,"Sen",0,"N2","late.exp"
8,1,100,7,45,500,"Pae",0,"N2","late.exp"
8,2,100,34,45,500,"Pae",0,"N2","late.exp"
8,3,100,1,45,500,"Pae",0,"N2","late.exp"
8,4,100,54,45,500,"Pae",0,"N2","late.exp"
8,5,100,NA,45,500,"Pae",0,"N2","late.exp"
8,6,100,5,45,500,"Pae",0,"N2","late.exp"
8,7,100,23,45,500,"Pae",0,"N2","late.exp"
8,8,100,0,45,500,"Pae",0,"N2","late.exp"
8,9,100,21,45,500,"Pae",0,"N2","late.exp"
8,10,100,6,45,500,"Pae",0,"N2","late.exp"
8,11,100,NA,45,500,"Pae",0,"N2","late.exp"
8,12,100,NA,45,500,"Pae",0,"N2","late.exp"
8,13,100,1,45,500,"Pae",0,"N2","late.exp"
8,14,100,0,45,500,"Pae",0,"N2","late.exp"
8,15,100,NA,45,500,"Pae",0,"N2","late.exp"
8,1,1000,1,45,500,"Pae",0,"N2","late.exp"
8,2,1000,8,45,500,"Pae",0,"N2","late.exp"
8,3,1000,0,45,500,"Pae",0,"N2","late.exp"
8,4,1000,13,45,500,"Pae",0,"N2","late.exp"
8,5,1000,15,45,500,"Pae",0,"N2","late.exp"
8,6,1000,0,45,500,"Pae",0,"N2","late.exp"
8,7,1000,6,45,500,"Pae",0,"N2","late.exp"
8,8,1000,0,45,500,"Pae",0,"N2","late.exp"
8,9,1000,1,45,500,"Pae",0,"N2","late.exp"
8,10,1000,4,45,500,"Pae",0,"N2","late.exp"
8,11,1000,16,45,500,"Pae",0,"N2","late.exp"
8,12,1000,16,45,500,"Pae",0,"N2","late.exp"
8,13,1000,0,45,500,"Pae",0,"N2","late.exp"
8,14,1000,0,45,500,"Pae",0,"N2","late.exp"
8,15,1000,17,45,500,"Pae",0,"N2","late.exp"
8,1,10000,0,45,500,"Pae",0,"N2","late.exp"
8,2,10000,1,45,500,"Pae",0,"N2","late.exp"
8,3,10000,0,45,500,"Pae",0,"N2","late.exp"
8,4,10000,4,45,500,"Pae",0,"N2","late.exp"
8,5,10000,3,45,500,"Pae",0,"N2","late.exp"
8,6,10000,0,45,500,"Pae",0,"N2","late.exp"
8,7,10000,1,45,500,"Pae",0,"N2","late.exp"
8,8,10000,0,45,500,"Pae",0,"N2","late.exp"
8,9,10000,0,45,500,"Pae",0,"N2","late.exp"
8,10,10000,0,45,500,"Pae",0,"N2","late.exp"
8,11,10000,5,45,500,"Pae",0,"N2","late.exp"
8,12,10000,3,45,500,"Pae",0,"N2","late.exp"
8,13,10000,0,45,500,"Pae",0,"N2","late.exp"
8,14,10000,0,45,500,"Pae",0,"N2","late.exp"
8,15,10000,4,45,500,"Pae",0,"N2","late.exp"
9,1,100,23,45,500,"Pae",0,"N2","late.exp"
9,2,100,15,45,500,"Pae",0,"N2","late.exp"
9,3,100,0,45,500,"Pae",0,"N2","late.exp"
9,4,100,48,45,500,"Pae",0,"N2","late.exp"
9,5,100,0,45,500,"Pae",0,"N2","late.exp"
9,1,1000,13,45,500,"Pae",0,"N2","late.exp"
9,2,1000,0,45,500,"Pae",0,"N2","late.exp"
9,3,1000,0,45,500,"Pae",0,"N2","late.exp"
9,4,1000,11,45,500,"Pae",0,"N2","late.exp"
9,5,1000,0,45,500,"Pae",0,"N2","late.exp"
9,1,10000,2,45,500,"Pae",0,"N2","late.exp"
9,2,10000,0,45,500,"Pae",0,"N2","late.exp"
9,3,10000,0,45,500,"Pae",0,"N2","late.exp"
9,4,10000,0,45,500,"Pae",0,"N2","late.exp"
9,5,10000,0,45,500,"Pae",0,"N2","late.exp"
12,1,100,99,45,500,"Pae",0,"N2","late.exp"
12,2,100,105,45,500,"Pae",0,"N2","late.exp"
12,3,100,3,45,500,"Pae",0,"N2","late.exp"
12,4,100,5,45,500,"Pae",0,"N2","late.exp"
12,1,1000,15,45,500,"Pae",0,"N2","late.exp"
12,2,1000,21,45,500,"Pae",0,"N2","late.exp"
12,3,1000,0,45,500,"Pae",0,"N2","late.exp"
12,4,1000,1,45,500,"Pae",0,"N2","late.exp"
